[{"model": "contenttypes.contenttype", "pk": 1, "fields": {"app_label": "admin", "model": "logentry"}}, {"model": "contenttypes.contenttype", "pk": 2, "fields": {"app_label": "auth", "model": "permission"}}, {"model": "contenttypes.contenttype", "pk": 3, "fields": {"app_label": "auth", "model": "group"}}, {"model": "contenttypes.contenttype", "pk": 4, "fields": {"app_label": "contenttypes", "model": "contenttype"}}, {"model": "contenttypes.contenttype", "pk": 5, "fields": {"app_label": "sessions", "model": "session"}}, {"model": "contenttypes.contenttype", "pk": 6, "fields": {"app_label": "sites", "model": "site"}}, {"model": "contenttypes.contenttype", "pk": 7, "fields": {"app_label": "account", "model": "emailaddress"}}, {"model": "contenttypes.contenttype", "pk": 8, "fields": {"app_label": "account", "model": "emailconfirmation"}}, {"model": "contenttypes.contenttype", "pk": 9, "fields": {"app_label": "socialaccount", "model": "socialaccount"}}, {"model": "contenttypes.contenttype", "pk": 10, "fields": {"app_label": "socialaccount", "model": "socialapp"}}, {"model": "contenttypes.contenttype", "pk": 11, "fields": {"app_label": "socialaccount", "model": "socialtoken"}}, {"model": "contenttypes.contenttype", "pk": 12, "fields": {"app_label": "users", "model": "user"}}, {"model": "contenttypes.contenttype", "pk": 13, "fields": {"app_label": "users", "model": "topicresult"}}, {"model": "contenttypes.contenttype", "pk": 14, "fields": {"app_label": "users", "model": "useranswer"}}, {"model": "contenttypes.contenttype", "pk": 15, "fields": {"app_label": "questions", "model": "answer"}}, {"model": "contenttypes.contenttype", "pk": 16, "fields": {"app_label": "questions", "model": "question"}}, {"model": "contenttypes.contenttype", "pk": 17, "fields": {"app_label": "questions", "model": "topic"}}, {"model": "contenttypes.contenttype", "pk": 18, "fields": {"app_label": "questions", "model": "topicquestionrelation"}}, {"model": "sessions.session", "pk": "32ad0evnud9vr6wk2tm1kswq88u40iee", "fields": {"session_data": "N2YxNjIzYzcwZjIwZDM0MDQ4ODhmZjE5MGU1MDJiZjY2Zjc1NWM2MDp7Il9hdXRoX3VzZXJfaWQiOiIxIiwiX2F1dGhfdXNlcl9iYWNrZW5kIjoiZGphbmdvLmNvbnRyaWIuYXV0aC5iYWNrZW5kcy5Nb2RlbEJhY2tlbmQiLCJfYXV0aF91c2VyX2hhc2giOiI0ODI0ZjZhNDk4MGZlOGU4YTFiZmE0NTFkNmM4YjEwM2IwNmE2N2VjIiwiX3Nlc3Npb25fZXhwaXJ5IjowfQ==", "expire_date": "2017-09-24T19:37:26.927Z"}}, {"model": "sites.site", "pk": 1, "fields": {"domain": "example.com", "name": "example.com"}}, {"model": "questions.question", "pk": 2, "fields": {"text": "1 + 1", "qtype": 1}}, {"model": "questions.question", "pk": 3, "fields": {"text": "2 * 2", "qtype": 1}}, {"model": "questions.question", "pk": 4, "fields": {"text": "2 + 2 * 2", "qtype": 1}}, {"model": "questions.question", "pk": 5, "fields": {"text": "Which of the following are pokemons?", "qtype": 2}}, {"model": "questions.question", "pk": 6, "fields": {"text": "The Titanic was powered by", "qtype": 1}}, {"model": "questions.question", "pk": 7, "fields": {"text": "If your car begins to hydroplane you should", "qtype": 1}}, {"model": "questions.answer", "pk": 5, "fields": {"question": 2, "text": "4", "is_correct": false}}, {"model": "questions.answer", "pk": 6, "fields": {"question": 2, "text": "5", "is_correct": false}}, {"model": "questions.answer", "pk": 7, "fields": {"question": 2, "text": "8", "is_correct": false}}, {"model": "questions.answer", "pk": 8, "fields": {"question": 2, "text": "2", "is_correct": true}}, {"model": "questions.answer", "pk": 9, "fields": {"question": 3, "text": "5", "is_correct": false}}, {"model": "questions.answer", "pk": 10, "fields": {"question": 3, "text": "4", "is_correct": true}}, {"model": "questions.answer", "pk": 11, "fields": {"question": 3, "text": "1", "is_correct": false}}, {"model": "questions.answer", "pk": 12, "fields": {"question": 4, "text": "8", "is_correct": false}}, {"model": "questions.answer", "pk": 13, "fields": {"question": 4, "text": "6", "is_correct": true}}, {"model": "questions.answer", "pk": 14, "fields": {"question": 4, "text": "System failed", "is_correct": false}}, {"model": "questions.answer", "pk": 15, "fields": {"question": 5, "text": "python", "is_correct": false}}, {"model": "questions.answer", "pk": 16, "fields": {"question": 5, "text": "javascript", "is_correct": false}}, {"model": "questions.answer", "pk": 17, "fields": {"question": 5, "text": "ditto", "is_correct": true}}, {"model": "questions.answer", "pk": 18, "fields": {"question": 5, "text": "spark", "is_correct": false}}, {"model": "questions.answer", "pk": 19, "fields": {"question": 5, "text": "sawk", "is_correct": true}}, {"model": "questions.answer", "pk": 20, "fields": {"question": 5, "text": "pyspark", "is_correct": false}}, {"model": "questions.answer", "pk": 21, "fields": {"question": 5, "text": "vulpix", "is_correct": true}}, {"model": "questions.answer", "pk": 22, "fields": {"question": 5, "text": "bootstrap", "is_correct": false}}, {"model": "questions.answer", "pk": 23, "fields": {"question": 5, "text": "git", "is_correct": false}}, {"model": "questions.answer", "pk": 24, "fields": {"question": 5, "text": "django", "is_correct": false}}, {"model": "questions.answer", "pk": 25, "fields": {"question": 5, "text": "pandas", "is_correct": false}}, {"model": "questions.answer", "pk": 26, "fields": {"question": 5, "text": "feebas", "is_correct": true}}, {"model": "questions.answer", "pk": 27, "fields": {"question": 5, "text": "tensorflow", "is_correct": false}}, {"model": "questions.answer", "pk": 28, "fields": {"question": 5, "text": "onyx", "is_correct": true}}, {"model": "questions.answer", "pk": 29, "fields": {"question": 5, "text": "hadoop", "is_correct": false}}, {"model": "questions.answer", "pk": 30, "fields": {"question": 5, "text": "scala", "is_correct": false}}, {"model": "questions.answer", "pk": 31, "fields": {"question": 5, "text": "viper", "is_correct": false}}, {"model": "questions.answer", "pk": 32, "fields": {"question": 5, "text": "metapod", "is_correct": true}}, {"model": "questions.answer", "pk": 33, "fields": {"question": 6, "text": "thousands of hamster's running inside little wheels", "is_correct": false}}, {"model": "questions.answer", "pk": 34, "fields": {"question": 6, "text": "the third class passengers rowing", "is_correct": false}}, {"model": "questions.answer", "pk": 35, "fields": {"question": 6, "text": "16 giant steam boilers", "is_correct": true}}, {"model": "questions.answer", "pk": 36, "fields": {"question": 6, "text": "the crew members \"hocking lugies\" off the stern all at once", "is_correct": false}}, {"model": "questions.answer", "pk": 37, "fields": {"question": 7, "text": "Reduce your speed and let the car decelerate", "is_correct": true}}, {"model": "questions.answer", "pk": 38, "fields": {"question": 7, "text": "Pump the brakes repeatedly", "is_correct": false}}, {"model": "questions.answer", "pk": 39, "fields": {"question": 7, "text": "Immediately slam the brakes", "is_correct": false}}, {"model": "questions.answer", "pk": 40, "fields": {"question": 7, "text": "Do nothing and allow your car to turn into the plane it has always dreamed of", "is_correct": false}}, {"model": "questions.topicquestionrelation", "pk": 1, "fields": {"question": 2, "topic": 1, "order": 1, "active": true}}, {"model": "questions.topicquestionrelation", "pk": 2, "fields": {"question": 3, "topic": 1, "order": 0, "active": true}}, {"model": "questions.topicquestionrelation", "pk": 3, "fields": {"question": 4, "topic": 1, "order": 2, "active": true}}, {"model": "questions.topicquestionrelation", "pk": 4, "fields": {"question": 5, "topic": 2, "order": 2, "active": true}}, {"model": "questions.topicquestionrelation", "pk": 5, "fields": {"question": 6, "topic": 2, "order": 0, "active": true}}, {"model": "questions.topicquestionrelation", "pk": 6, "fields": {"question": 7, "topic": 2, "order": 1, "active": true}}, {"model": "questions.topic", "pk": 1, "fields": {"title": "Mathematics", "description": "Mathematics questions"}}, {"model": "questions.topic", "pk": 2, "fields": {"title": "Different questions", "description": "Questions of different topics"}}, {"model": "auth.permission", "pk": 1, "fields": {"name": "Can add log entry", "content_type": 1, "codename": "add_logentry"}}, {"model": "auth.permission", "pk": 2, "fields": {"name": "Can change log entry", "content_type": 1, "codename": "change_logentry"}}, {"model": "auth.permission", "pk": 3, "fields": {"name": "Can delete log entry", "content_type": 1, "codename": "delete_logentry"}}, {"model": "auth.permission", "pk": 4, "fields": {"name": "Can add permission", "content_type": 2, "codename": "add_permission"}}, {"model": "auth.permission", "pk": 5, "fields": {"name": "Can change permission", "content_type": 2, "codename": "change_permission"}}, {"model": "auth.permission", "pk": 6, "fields": {"name": "Can delete permission", "content_type": 2, "codename": "delete_permission"}}, {"model": "auth.permission", "pk": 7, "fields": {"name": "Can add group", "content_type": 3, "codename": "add_group"}}, {"model": "auth.permission", "pk": 8, "fields": {"name": "Can change group", "content_type": 3, "codename": "change_group"}}, {"model": "auth.permission", "pk": 9, "fields": {"name": "Can delete group", "content_type": 3, "codename": "delete_group"}}, {"model": "auth.permission", "pk": 10, "fields": {"name": "Can add content type", "content_type": 4, "codename": "add_contenttype"}}, {"model": "auth.permission", "pk": 11, "fields": {"name": "Can change content type", "content_type": 4, "codename": "change_contenttype"}}, {"model": "auth.permission", "pk": 12, "fields": {"name": "Can delete content type", "content_type": 4, "codename": "delete_contenttype"}}, {"model": "auth.permission", "pk": 13, "fields": {"name": "Can add session", "content_type": 5, "codename": "add_session"}}, {"model": "auth.permission", "pk": 14, "fields": {"name": "Can change session", "content_type": 5, "codename": "change_session"}}, {"model": "auth.permission", "pk": 15, "fields": {"name": "Can delete session", "content_type": 5, "codename": "delete_session"}}, {"model": "auth.permission", "pk": 16, "fields": {"name": "Can add site", "content_type": 6, "codename": "add_site"}}, {"model": "auth.permission", "pk": 17, "fields": {"name": "Can change site", "content_type": 6, "codename": "change_site"}}, {"model": "auth.permission", "pk": 18, "fields": {"name": "Can delete site", "content_type": 6, "codename": "delete_site"}}, {"model": "auth.permission", "pk": 19, "fields": {"name": "Can add email address", "content_type": 7, "codename": "add_emailaddress"}}, {"model": "auth.permission", "pk": 20, "fields": {"name": "Can change email address", "content_type": 7, "codename": "change_emailaddress"}}, {"model": "auth.permission", "pk": 21, "fields": {"name": "Can delete email address", "content_type": 7, "codename": "delete_emailaddress"}}, {"model": "auth.permission", "pk": 22, "fields": {"name": "Can add email confirmation", "content_type": 8, "codename": "add_emailconfirmation"}}, {"model": "auth.permission", "pk": 23, "fields": {"name": "Can change email confirmation", "content_type": 8, "codename": "change_emailconfirmation"}}, {"model": "auth.permission", "pk": 24, "fields": {"name": "Can delete email confirmation", "content_type": 8, "codename": "delete_emailconfirmation"}}, {"model": "auth.permission", "pk": 25, "fields": {"name": "Can add social account", "content_type": 9, "codename": "add_socialaccount"}}, {"model": "auth.permission", "pk": 26, "fields": {"name": "Can change social account", "content_type": 9, "codename": "change_socialaccount"}}, {"model": "auth.permission", "pk": 27, "fields": {"name": "Can delete social account", "content_type": 9, "codename": "delete_socialaccount"}}, {"model": "auth.permission", "pk": 28, "fields": {"name": "Can add social application", "content_type": 10, "codename": "add_socialapp"}}, {"model": "auth.permission", "pk": 29, "fields": {"name": "Can change social application", "content_type": 10, "codename": "change_socialapp"}}, {"model": "auth.permission", "pk": 30, "fields": {"name": "Can delete social application", "content_type": 10, "codename": "delete_socialapp"}}, {"model": "auth.permission", "pk": 31, "fields": {"name": "Can add social application token", "content_type": 11, "codename": "add_socialtoken"}}, {"model": "auth.permission", "pk": 32, "fields": {"name": "Can change social application token", "content_type": 11, "codename": "change_socialtoken"}}, {"model": "auth.permission", "pk": 33, "fields": {"name": "Can delete social application token", "content_type": 11, "codename": "delete_socialtoken"}}, {"model": "auth.permission", "pk": 34, "fields": {"name": "Can add user", "content_type": 12, "codename": "add_user"}}, {"model": "auth.permission", "pk": 35, "fields": {"name": "Can change user", "content_type": 12, "codename": "change_user"}}, {"model": "auth.permission", "pk": 36, "fields": {"name": "Can delete user", "content_type": 12, "codename": "delete_user"}}, {"model": "auth.permission", "pk": 37, "fields": {"name": "Can add User's Topic Result", "content_type": 13, "codename": "add_topicresult"}}, {"model": "auth.permission", "pk": 38, "fields": {"name": "Can change User's Topic Result", "content_type": 13, "codename": "change_topicresult"}}, {"model": "auth.permission", "pk": 39, "fields": {"name": "Can delete User's Topic Result", "content_type": 13, "codename": "delete_topicresult"}}, {"model": "auth.permission", "pk": 40, "fields": {"name": "Can add user answer", "content_type": 14, "codename": "add_useranswer"}}, {"model": "auth.permission", "pk": 41, "fields": {"name": "Can change user answer", "content_type": 14, "codename": "change_useranswer"}}, {"model": "auth.permission", "pk": 42, "fields": {"name": "Can delete user answer", "content_type": 14, "codename": "delete_useranswer"}}, {"model": "auth.permission", "pk": 43, "fields": {"name": "Can add answer", "content_type": 15, "codename": "add_answer"}}, {"model": "auth.permission", "pk": 44, "fields": {"name": "Can change answer", "content_type": 15, "codename": "change_answer"}}, {"model": "auth.permission", "pk": 45, "fields": {"name": "Can delete answer", "content_type": 15, "codename": "delete_answer"}}, {"model": "auth.permission", "pk": 46, "fields": {"name": "Can add question", "content_type": 16, "codename": "add_question"}}, {"model": "auth.permission", "pk": 47, "fields": {"name": "Can change question", "content_type": 16, "codename": "change_question"}}, {"model": "auth.permission", "pk": 48, "fields": {"name": "Can delete question", "content_type": 16, "codename": "delete_question"}}, {"model": "auth.permission", "pk": 49, "fields": {"name": "Can add topic", "content_type": 17, "codename": "add_topic"}}, {"model": "auth.permission", "pk": 50, "fields": {"name": "Can change topic", "content_type": 17, "codename": "change_topic"}}, {"model": "auth.permission", "pk": 51, "fields": {"name": "Can delete topic", "content_type": 17, "codename": "delete_topic"}}, {"model": "auth.permission", "pk": 52, "fields": {"name": "Can add Linked Question", "content_type": 18, "codename": "add_topicquestionrelation"}}, {"model": "auth.permission", "pk": 53, "fields": {"name": "Can change Linked Question", "content_type": 18, "codename": "change_topicquestionrelation"}}, {"model": "auth.permission", "pk": 54, "fields": {"name": "Can delete Linked Question", "content_type": 18, "codename": "delete_topicquestionrelation"}}, {"model": "users.user", "pk": 1, "fields": {"password": "pbkdf2_sha256$36000$lcAfnS58oWW2$HC7ZgQBt53d+6Z9QAa2n1fQs5JTvXJaZJyt88uEh9P8=", "last_login": "2017-09-10T19:37:26.924Z", "is_superuser": true, "username": "admin", "first_name": "", "last_name": "", "email": "admin@example.com", "is_staff": true, "is_active": true, "date_joined": "2017-09-10T19:29:41.988Z", "groups": [], "user_permissions": []}}, {"model": "users.user", "pk": 2, "fields": {"password": "pbkdf2_sha256$36000$5pDq3hyKZLif$vGIr51EA47iZfYTyK7L+7pmNh++w3PLlBPrxKAgc5OE=", "last_login": null, "is_superuser": false, "username": "moderator", "first_name": "Moderator", "last_name": "", "email": "moderator@example.com", "is_staff": true, "is_active": true, "date_joined": "2017-09-10T20:20:52Z", "groups": [], "user_permissions": [43, 44, 45, 46, 47, 48, 49, 50, 51, 52, 53, 54, 37, 38, 39, 34, 35, 36, 40, 41, 42]}}, {"model": "admin.logentry", "pk": 1, "fields": {"action_time": "2017-09-10T19:41:11.217Z", "user": 1, "content_type": 16, "object_id": "2", "object_repr": "1 + 1", "action_flag": 1, "change_message": "[{\"added\": {}}, {\"added\": {\"name\": \"answer\", \"object\": \"4\"}}, {\"added\": {\"name\": \"answer\", \"object\": \"5\"}}, {\"added\": {\"name\": \"answer\", \"object\": \"8\"}}, {\"added\": {\"name\": \"answer\", \"object\": \"2\"}}]"}}, {"model": "admin.logentry", "pk": 2, "fields": {"action_time": "2017-09-10T19:41:31.595Z", "user": 1, "content_type": 16, "object_id": "3", "object_repr": "2 * 2", "action_flag": 1, "change_message": "[{\"added\": {}}, {\"added\": {\"name\": \"answer\", \"object\": \"5\"}}, {\"added\": {\"name\": \"answer\", \"object\": \"4\"}}, {\"added\": {\"name\": \"answer\", \"object\": \"1\"}}]"}}, {"model": "admin.logentry", "pk": 3, "fields": {"action_time": "2017-09-10T19:42:24.297Z", "user": 1, "content_type": 16, "object_id": "4", "object_repr": "2 + 2 * 2", "action_flag": 1, "change_message": "[{\"added\": {}}, {\"added\": {\"name\": \"answer\", \"object\": \"8\"}}, {\"added\": {\"name\": \"answer\", \"object\": \"6\"}}, {\"added\": {\"name\": \"answer\", \"object\": \"System failed\"}}]"}}, {"model": "admin.logentry", "pk": 4, "fields": {"action_time": "2017-09-10T19:42:29.777Z", "user": 1, "content_type": 17, "object_id": "1", "object_repr": "Mathematics", "action_flag": 1, "change_message": "[{\"added\": {}}, {\"added\": {\"name\": \"Linked Question\", \"object\": \"TopicQuestionRelation object\"}}, {\"added\": {\"name\": \"Linked Question\", \"object\": \"TopicQuestionRelation object\"}}, {\"added\": {\"name\": \"Linked Question\", \"object\": \"TopicQuestionRelation object\"}}]"}}, {"model": "admin.logentry", "pk": 5, "fields": {"action_time": "2017-09-10T19:42:46.265Z", "user": 1, "content_type": 17, "object_id": "1", "object_repr": "Mathematics", "action_flag": 2, "change_message": "[{\"changed\": {\"name\": \"Linked Question\", \"object\": \"TopicQuestionRelation object\", \"fields\": [\"order\"]}}, {\"changed\": {\"name\": \"Linked Question\", \"object\": \"TopicQuestionRelation object\", \"fields\": [\"order\"]}}]"}}, {"model": "admin.logentry", "pk": 6, "fields": {"action_time": "2017-09-10T19:43:03.833Z", "user": 1, "content_type": 17, "object_id": "1", "object_repr": "Mathematics", "action_flag": 2, "change_message": "[]"}}, {"model": "admin.logentry", "pk": 7, "fields": {"action_time": "2017-09-10T19:52:03.498Z", "user": 1, "content_type": 16, "object_id": "5", "object_repr": "Which of the following are pokemons?", "action_flag": 1, "change_message": "[{\"added\": {}}, {\"added\": {\"name\": \"answer\", \"object\": \"python\"}}, {\"added\": {\"name\": \"answer\", \"object\": \"javascript\"}}, {\"added\": {\"name\": \"answer\", \"object\": \"ditto\"}}, {\"added\": {\"name\": \"answer\", \"object\": \"spark\"}}, {\"added\": {\"name\": \"answer\", \"object\": \"sawk\"}}, {\"added\": {\"name\": \"answer\", \"object\": \"pyspark\"}}, {\"added\": {\"name\": \"answer\", \"object\": \"vulpix\"}}, {\"added\": {\"name\": \"answer\", \"object\": \"bootstrap\"}}, {\"added\": {\"name\": \"answer\", \"object\": \"git\"}}, {\"added\": {\"name\": \"answer\", \"object\": \"django\"}}, {\"added\": {\"name\": \"answer\", \"object\": \"pandas\"}}, {\"added\": {\"name\": \"answer\", \"object\": \"feebas\"}}, {\"added\": {\"name\": \"answer\", \"object\": \"tensorflow\"}}, {\"added\": {\"name\": \"answer\", \"object\": \"onyx\"}}, {\"added\": {\"name\": \"answer\", \"object\": \"hadoop\"}}, {\"added\": {\"name\": \"answer\", \"object\": \"scala\"}}, {\"added\": {\"name\": \"answer\", \"object\": \"viper\"}}, {\"added\": {\"name\": \"answer\", \"object\": \"metapod\"}}]"}}, {"model": "admin.logentry", "pk": 8, "fields": {"action_time": "2017-09-10T19:56:25.468Z", "user": 1, "content_type": 16, "object_id": "6", "object_repr": "The Titanic was powered by", "action_flag": 1, "change_message": "[{\"added\": {}}, {\"added\": {\"name\": \"answer\", \"object\": \"thousands of hamster's running inside little wheels\"}}, {\"added\": {\"name\": \"answer\", \"object\": \"the third class passengers rowing\"}}, {\"added\": {\"name\": \"answer\", \"object\": \"16 giant steam boilers\"}}, {\"added\": {\"name\": \"answer\", \"object\": \"the crew members \\\"hocking lugies\\\" off the stern all at once\"}}]"}}, {"model": "admin.logentry", "pk": 9, "fields": {"action_time": "2017-09-10T19:59:28.099Z", "user": 1, "content_type": 16, "object_id": "7", "object_repr": "If your car begins to hydroplane you should", "action_flag": 1, "change_message": "[{\"added\": {}}, {\"added\": {\"name\": \"answer\", \"object\": \"Reduce your speed and let the car decelerate\"}}, {\"added\": {\"name\": \"answer\", \"object\": \"Pump the brakes repeatedly\"}}, {\"added\": {\"name\": \"answer\", \"object\": \"Immediately slam the brakes\"}}, {\"added\": {\"name\": \"answer\", \"object\": \"Do nothing and allow your car to turn into the plane it has always dreamed of\"}}]"}}, {"model": "admin.logentry", "pk": 10, "fields": {"action_time": "2017-09-10T20:00:40.951Z", "user": 1, "content_type": 17, "object_id": "2", "object_repr": "Different questions", "action_flag": 1, "change_message": "[{\"added\": {}}, {\"added\": {\"name\": \"Linked Question\", \"object\": \"TopicQuestionRelation object\"}}, {\"added\": {\"name\": \"Linked Question\", \"object\": \"TopicQuestionRelation object\"}}, {\"added\": {\"name\": \"Linked Question\", \"object\": \"TopicQuestionRelation object\"}}]"}}, {"model": "admin.logentry", "pk": 11, "fields": {"action_time": "2017-09-10T20:09:57.703Z", "user": 1, "content_type": 16, "object_id": "5", "object_repr": "Which of the following are pokemons?\r\n<script>alert();</script>", "action_flag": 2, "change_message": "[{\"changed\": {\"fields\": [\"text\"]}}]"}}, {"model": "admin.logentry", "pk": 12, "fields": {"action_time": "2017-09-10T20:10:13.824Z", "user": 1, "content_type": 16, "object_id": "5", "object_repr": "Which of the following are pokemons?", "action_flag": 2, "change_message": "[{\"changed\": {\"fields\": [\"text\"]}}]"}}, {"model": "admin.logentry", "pk": 13, "fields": {"action_time": "2017-09-10T20:12:16.365Z", "user": 1, "content_type": 16, "object_id": "7", "object_repr": "If your car begins to hydroplane you should", "action_flag": 2, "change_message": "[]"}}, {"model": "admin.logentry", "pk": 14, "fields": {"action_time": "2017-09-10T20:12:29.649Z", "user": 1, "content_type": 16, "object_id": "4", "object_repr": "2 + 2 * 2", "action_flag": 2, "change_message": "[{\"changed\": {\"fields\": [\"qtype\"]}}, {\"changed\": {\"name\": \"answer\", \"object\": \"8\", \"fields\": [\"is_correct\"]}}, {\"changed\": {\"name\": \"answer\", \"object\": \"System failed\", \"fields\": [\"is_correct\"]}}]"}}, {"model": "admin.logentry", "pk": 15, "fields": {"action_time": "2017-09-10T20:12:38.050Z", "user": 1, "content_type": 16, "object_id": "4", "object_repr": "2 + 2 * 2", "action_flag": 2, "change_message": "[]"}}, {"model": "admin.logentry", "pk": 16, "fields": {"action_time": "2017-09-10T20:14:43.813Z", "user": 1, "content_type": 16, "object_id": "4", "object_repr": "2 + 2 * 2", "action_flag": 2, "change_message": "[{\"changed\": {\"name\": \"answer\", \"object\": \"8\", \"fields\": [\"is_correct\"]}}, {\"changed\": {\"name\": \"answer\", \"object\": \"System failed\", \"fields\": [\"is_correct\"]}}]"}}, {"model": "admin.logentry", "pk": 17, "fields": {"action_time": "2017-09-10T20:15:24.916Z", "user": 1, "content_type": 16, "object_id": "4", "object_repr": "2 + 2 * 2", "action_flag": 2, "change_message": "[{\"changed\": {\"fields\": [\"qtype\"]}}]"}}, {"model": "admin.logentry", "pk": 18, "fields": {"action_time": "2017-09-10T20:16:24.385Z", "user": 1, "content_type": 13, "object_id": "2", "object_repr": "admin - Different questions", "action_flag": 3, "change_message": ""}}, {"model": "admin.logentry", "pk": 19, "fields": {"action_time": "2017-09-10T20:16:24.387Z", "user": 1, "content_type": 13, "object_id": "1", "object_repr": "admin - Mathematics", "action_flag": 3, "change_message": ""}}, {"model": "admin.logentry", "pk": 20, "fields": {"action_time": "2017-09-10T20:20:52.559Z", "user": 1, "content_type": 12, "object_id": "2", "object_repr": "moderator", "action_flag": 1, "change_message": "[{\"added\": {}}]"}}, {"model": "admin.logentry", "pk": 21, "fields": {"action_time": "2017-09-10T20:21:39.527Z", "user": 1, "content_type": 12, "object_id": "2", "object_repr": "moderator", "action_flag": 2, "change_message": "[{\"changed\": {\"fields\": [\"first_name\", \"is_staff\"]}}]"}}, {"model": "admin.logentry", "pk": 22, "fields": {"action_time": "2017-09-10T20:21:52.323Z", "user": 1, "content_type": 12, "object_id": "2", "object_repr": "moderator", "action_flag": 2, "change_message": "[{\"changed\": {\"fields\": [\"email\"]}}]"}}]